{
 "mdsDat": {
 "x": [ -0.071301, -0.20397, 0.0089047, -0.18318, 0.44955 ],
"y": [ 0.2364, 0.021769, -0.028804, -0.19702, -0.032341 ],
"topics": [ 1, 2, 3, 4, 5 ],
"Freq": [  33.45, 26.241, 21.345, 10.499, 8.4658 ],
"cluster": [      1,      1,      1,      1,      1 ] 
},
"tinfo": {
 "Term": [ "work", "research", "internship", "field", "experience", "university", "find", "months", "students", "semester", "time", null, null, null, null, null, null, null, null, null, null, null, null, null, null, null, null, null, null, null, "university", "months", "semester", "students", "time", "internship", "experience", "research", "work", "field", "find", null, "find", "students", "internship", "time", "semester", "research", "work", "months", "field", "university", "experience", null, "experience", "field", "time", "find", "internship", "semester", "research", "work", "months", "university", "students", null, "research", "internship", "time", "semester", "work", "months", "field", "university", "experience", "find", "students", null, "work", "field", "semester", "time", "research", "months", "university", "experience", "find", "students", "internship", null ],
"logprob": [     30,     29,     28,     27,     26,     25,     24,     23,     22,     21,     20,     19,     18,     17,     16,     15,     14,     13,     12,     11,     10,      9,      8,      7,      6,      5,      4,      3,      2,      1, -1.5288, -1.634,  -2.22, -1.7515, -3.1303, -1.5288, -3.1303, -7.7454, -7.7454, -7.7454, -7.7454, null, -1.3902, -1.6408, -0.5929, -7.5016, -7.5016, -7.5016, -7.5016, -7.5016, -7.5016, -7.5016, -7.5016, null, -1.2929, -1.5798, -2.2696, -2.2696, -1.1754, -7.2869, -7.2869, -7.2869, -7.2869, -7.2869, -7.2869, null, -0.7059, -0.7059, -6.5667, -6.5667, -6.5667, -6.5667, -6.5667, -6.5667, -6.5667, -6.5667, -6.5667, null, -0.4689, -1.3124, -2.3979, -6.3297, -6.3297, -6.3297, -6.3297, -6.3297, -6.3297, -6.3297, -6.3297, null ],
"loglift": [     30,     29,     28,     27,     26,     25,     24,     23,     22,     21,     20,     19,     18,     17,     16,     15,     14,     13,     12,     11,     10,      9,      8,      7,      6,      5,      4,      3,      2,      1,  1.087, 1.0861, 0.8931, 0.4618, 0.1632, -0.4365, -0.5218, -4.7969, -4.8183, -5.0453, -5.3133, null, 1.0419, 0.5724, 0.4995, -4.2081, -4.3886, -4.5531, -4.5745, -4.7815, -4.8015, -4.8858, -4.8932, null, 1.3156, 1.1203, 1.0239, 0.1625, -0.0831, -4.1738, -4.3383, -4.3598, -4.5668, -4.671, -5.0736, null, 2.2426, 0.3865, -3.2732, -3.4536, -3.6396, -3.8466, -3.8666, -3.9508, -3.9582, -4.1346, -4.3534, null, 2.4582, 1.3877, 0.7152, -3.0362, -3.3812, -3.6096, -3.7139, -3.7212, -3.8976, -4.1165, -5.2374, null ],
"Freq": [      7,      7,     45,      9,     10,      9,     11,      8,     14,      6,      5, null, null, null, null, null, null, null, null, null, null, null, null, null, null, null, null, null, null, null, 9.8622, 8.8779, 4.9409, 7.8937, 1.9882, 9.8622, 1.9882, 0.019685, 0.019685, 0.019685, 0.019685, null, 8.8874, 6.9168, 19.726, 0.019706, 0.019706, 0.019706, 0.019706, 0.019706, 0.019706, 0.019706, 0.019706, null, 7.9675, 5.9806, 3.0002, 3.0002, 8.9609, 0.019869, 0.019869, 0.019869, 0.019869, 0.019869, 0.019869, null, 7.0489, 7.0489, 0.020082, 0.020082, 0.020082, 0.020082, 0.020082, 0.020082, 0.020082, 0.020082, 0.020082, null, 7.2036,  3.099, 1.0467, 0.020523, 0.020523, 0.020523, 0.020523, 0.020523, 0.020523, 0.020523, 0.020523, null ],
"Total": [      7,      7,     45,      9,     10,      9,     11,      8,     14,      6,      5, null, null, null, null, null, null, null, null, null, null, null, null, null, null, null, null, null, null, null, 9.9424, 8.9581, 6.0473, 14.871, 5.0487, 45.618, 10.016, 7.1287,  7.283,  9.139, 11.948, null, 11.948, 14.871, 45.618, 5.0487, 6.0473, 7.1287,  7.283, 8.9581,  9.139, 9.9424, 10.016, null, 10.016,  9.139, 5.0487, 11.948, 45.618, 6.0473, 7.1287,  7.283, 8.9581, 9.9424, 14.871, null, 7.1287, 45.618, 5.0487, 6.0473,  7.283, 8.9581,  9.139, 9.9424, 10.016, 11.948, 14.871, null,  7.283,  9.139, 6.0473, 5.0487, 7.1287, 8.9581, 9.9424, 10.016, 11.948, 14.871, 45.618, null ],
"Category": [ "Default", "Default", "Default", "Default", "Default", "Default", "Default", "Default", "Default", "Default", "Default", "Default", "Default", "Default", "Default", "Default", "Default", "Default", "Default", "Default", "Default", "Default", "Default", "Default", "Default", "Default", "Default", "Default", "Default", "Default", "Topic1", "Topic1", "Topic1", "Topic1", "Topic1", "Topic1", "Topic1", "Topic1", "Topic1", "Topic1", "Topic1", "Topic1", "Topic2", "Topic2", "Topic2", "Topic2", "Topic2", "Topic2", "Topic2", "Topic2", "Topic2", "Topic2", "Topic2", "Topic2", "Topic3", "Topic3", "Topic3", "Topic3", "Topic3", "Topic3", "Topic3", "Topic3", "Topic3", "Topic3", "Topic3", "Topic3", "Topic4", "Topic4", "Topic4", "Topic4", "Topic4", "Topic4", "Topic4", "Topic4", "Topic4", "Topic4", "Topic4", "Topic4", "Topic5", "Topic5", "Topic5", "Topic5", "Topic5", "Topic5", "Topic5", "Topic5", "Topic5", "Topic5", "Topic5", "Topic5" ] 
},
"token.table": {
 "Term": [ "experience", "experience", "field", "field", "find", "find", "internship", "internship", "internship", "internship", "months", "research", "semester", "semester", "students", "students", "time", "time", "university", "work" ],
"Topic": [ 1, 3, 3, 5, 2, 3, 1, 2, 3, 4, 1, 4, 1, 5, 1, 2, 1, 3, 1, 5 ],
"Freq": [ 0.19968, 0.79873, 0.65653, 0.32826, 0.75327, 0.25109, 0.21921, 0.43842, 0.19729, 0.15345, 1.0047, 0.98195, 0.82682, 0.16536, 0.53796, 0.47072, 0.39614, 0.59421, 1.0058, 0.96115 ] 
},
"R":     30,
"lambda.step":   0.01,
"plot.opts": {
 "xlab": "PC1",
"ylab": "PC2" 
},
"topic.order": [ 3, 4, 5, 2, 1 ] 
}