{
 "mdsDat": {
 "x": [ 0.015952, -0.20521, -0.29003, -0.28074, 0.35365, 0.32934, 0.32934, -0.25853, -0.25853, 0.32934, -0.25853, 0.021551, 0.021551, 0.021551, 0.021551, 0.021551, 0.021551, 0.021551, 0.021551, 0.021551 ],
"y": [ 0.4648, 0.22384, -0.12603, -0.12148, -0.10099, -0.088936, -0.088936, -0.11072, -0.11072, -0.088936, -0.11072, 0.028758, 0.028758, 0.028758, 0.028758, 0.028758, 0.028758, 0.028758, 0.028758, 0.028758 ],
"topics": [ 1, 2, 3, 4, 5, 6, 7, 8, 9, 10, 11, 12, 13, 14, 15, 16, 17, 18, 19, 20 ],
"Freq": [ 15.327, 14.131, 14.131, 9.1183, 8.4917, 5.7576, 5.3589, 4.7323, 4.7323, 4.7323, 4.7323, 0.97289, 0.97289, 0.97289, 0.97289, 0.97289, 0.97289, 0.97289, 0.97289, 0.97289 ],
"cluster": [      1,      1,      1,      1,      1,      1,      1,      1,      1,      1,      1,      1,      1,      1,      1,      1,      1,      1,      1,      1 ] 
},
"tinfo": {
 "Term": [ "information", "family", "support", null, null, null, null, null, null, null, null, null, null, null, null, null, null, null, null, null, null, null, null, null, null, null, null, null, null, null, "information", "support", "family", null, "information", "family", "support", null, "family", "support", "information", null, "family", "support", "information", null, "support", "information", "family", null, "support", "information", "family", null, "support", "information", "family", null, "family", "support", "information", null, "family", "support", "information", null, "support", "information", "family", null, "family", "support", "information", null, "support", "information", "family", null, "support", "information", "family", null, "support", "information", "family", null, "support", "information", "family", null, "support", "information", "family", null, "support", "information", "family", null, "support", "information", "family", null, "support", "information", "family", null, "support", "information", "family", null ],
"logprob": [     30,     29,     28,     27,     26,     25,     24,     23,     22,     21,     20,     19,     18,     17,     16,     15,     14,     13,     12,     11,     10,      9,      8,      7,      6,      5,      4,      3,      2,      1, -0.0132, -5.0304, -5.0304, null, -0.4153, -1.0986, -5.0304, null, -0.0132, -5.0304, -5.0304, null, -0.0196, -4.6347, -4.6347, null, -0.0196, -4.6347, -4.6347, null, -0.0385, -3.9703, -3.9703, null, -0.0385, -3.9703, -3.9703, null, -0.0385, -3.9703, -3.9703, null, -0.0385, -3.9703, -3.9703, null, -0.0385, -3.9703, -3.9703, null, -0.0385, -3.9703, -3.9703, null, -1.0986, -1.0986, -1.0986, null, -1.0986, -1.0986, -1.0986, null, -1.0986, -1.0986, -1.0986, null, -1.0986, -1.0986, -1.0986, null, -1.0986, -1.0986, -1.0986, null, -1.0986, -1.0986, -1.0986, null, -1.0986, -1.0986, -1.0986, null, -1.0986, -1.0986, -1.0986, null, -1.0986, -1.0986, -1.0986, null ],
"loglift": [     30,     29,     28,     27,     26,     25,     24,     23,     22,     21,     20,     19,     18,     17,     16,     15,     14,     13,     12,     11,     10,      9,      8,      7,      6,      5,      4,      3,      2,      1, 1.2526, -3.7262, -4.2243, null, 0.8504, -0.2925, -3.7262, null,  0.793, -3.7262, -3.7647, null, 0.7865, -3.3305, -3.369, null, 1.2846, -3.369, -3.8286, null, 1.2658, -2.7046, -3.1642, null, 1.2658, -2.7046, -3.1642, null, 0.7676, -2.666, -2.7046, null, 0.7676, -2.666, -2.7046, null, 1.2658, -2.7046, -3.1642, null, 0.7676, -2.666, -2.7046, null, 0.2056, 0.1671, -0.2925, null, 0.2056, 0.1671, -0.2925, null, 0.2056, 0.1671, -0.2925, null, 0.2056, 0.1671, -0.2925, null, 0.2056, 0.1671, -0.2925, null, 0.2056, 0.1671, -0.2925, null, 0.2056, 0.1671, -0.2925, null, 0.2056, 0.1671, -0.2925, null, 0.2056, 0.1671, -0.2925, null ],
"Freq": [      5,      8,      5, null, null, null, null, null, null, null, null, null, null, null, null, null, null, null, null, null, null, null, null, null, null, null, null, null, null, null, 2.8741, 0.019033, 0.019033, null, 1.7724, 0.89495, 0.017548, null, 2.6498, 0.017548, 0.017548, null, 1.6988, 0.01682, 0.01682, null, 1.5821, 0.015664, 0.015664, null, 1.0527, 0.02064, 0.02064, null, 0.97976, 0.019211, 0.019211, null, 0.8652, 0.016965, 0.016965, null, 0.8652, 0.016965, 0.016965, null, 0.8652, 0.016965, 0.016965, null, 0.8652, 0.016965, 0.016965, null, 0.061616, 0.061616, 0.061616, null, 0.061616, 0.061616, 0.061616, null, 0.061616, 0.061616, 0.061616, null, 0.061616, 0.061616, 0.061616, null, 0.061616, 0.061616, 0.061616, null, 0.061616, 0.061616, 0.061616, null, 0.061616, 0.061616, 0.061616, null, 0.061616, 0.061616, 0.061616, null, 0.061616, 0.061616, 0.061616, null ],
"Total": [      5,      8,      5, null, null, null, null, null, null, null, null, null, null, null, null, null, null, null, null, null, null, null, null, null, null, null, null, null, null, null, 5.3587, 5.1561, 8.4852, null, 5.3587, 8.4852, 5.1561, null, 8.4852, 5.1561, 5.3587, null, 8.4852, 5.1561, 5.3587, null, 5.1561, 5.3587, 8.4852, null, 5.1561, 5.3587, 8.4852, null, 5.1561, 5.3587, 8.4852, null, 8.4852, 5.1561, 5.3587, null, 8.4852, 5.1561, 5.3587, null, 5.1561, 5.3587, 8.4852, null, 8.4852, 5.1561, 5.3587, null, 5.1561, 5.3587, 8.4852, null, 5.1561, 5.3587, 8.4852, null, 5.1561, 5.3587, 8.4852, null, 5.1561, 5.3587, 8.4852, null, 5.1561, 5.3587, 8.4852, null, 5.1561, 5.3587, 8.4852, null, 5.1561, 5.3587, 8.4852, null, 5.1561, 5.3587, 8.4852, null, 5.1561, 5.3587, 8.4852, null ],
"Category": [ "Default", "Default", "Default", "Default", "Default", "Default", "Default", "Default", "Default", "Default", "Default", "Default", "Default", "Default", "Default", "Default", "Default", "Default", "Default", "Default", "Default", "Default", "Default", "Default", "Default", "Default", "Default", "Default", "Default", "Default", "Topic1", "Topic1", "Topic1", "Topic1", "Topic2", "Topic2", "Topic2", "Topic2", "Topic3", "Topic3", "Topic3", "Topic3", "Topic4", "Topic4", "Topic4", "Topic4", "Topic5", "Topic5", "Topic5", "Topic5", "Topic6", "Topic6", "Topic6", "Topic6", "Topic7", "Topic7", "Topic7", "Topic7", "Topic8", "Topic8", "Topic8", "Topic8", "Topic9", "Topic9", "Topic9", "Topic9", "Topic10", "Topic10", "Topic10", "Topic10", "Topic11", "Topic11", "Topic11", "Topic11", "Topic12", "Topic12", "Topic12", "Topic12", "Topic13", "Topic13", "Topic13", "Topic13", "Topic14", "Topic14", "Topic14", "Topic14", "Topic15", "Topic15", "Topic15", "Topic15", "Topic16", "Topic16", "Topic16", "Topic16", "Topic17", "Topic17", "Topic17", "Topic17", "Topic18", "Topic18", "Topic18", "Topic18", "Topic19", "Topic19", "Topic19", "Topic19", "Topic20", "Topic20", "Topic20", "Topic20" ] 
},
"token.table": {
 "Term": [ "family", "family", "family", "family", "family", "family", "information", "information", "support", "support", "support", "support" ],
"Topic": [ 2, 3, 4, 8, 9, 11, 1, 2, 5, 6, 7, 10 ],
"Freq": [ 0.11785, 0.35356, 0.2357, 0.11785, 0.11785, 0.11785, 0.55984, 0.37323, 0.38789, 0.19394, 0.19394, 0.19394 ] 
},
"R":     30,
"lambda.step":   0.01,
"plot.opts": {
 "xlab": "PC1",
"ylab": "PC2" 
},
"topic.order": [ 16, 2, 19, 15, 14, 8, 13, 3, 6, 12, 18, 1, 4, 5, 7, 9, 10, 11, 17, 20 ] 
}