{
 "mdsDat": {
 "x": [ 0.30148, -0.30171, -0.36137, 0.083317, 0.27828 ],
"y": [ -0.092334, 0.18943, -0.24589, 0.23222, -0.083425 ],
"topics": [ 1, 2, 3, 4, 5 ],
"Freq": [ 30.793, 21.713,  20.54, 16.211, 10.743 ],
"cluster": [      1,      1,      1,      1,      1 ] 
},
"tinfo": {
 "Term": [ "family", "support", "information", null, null, null, null, null, null, null, null, null, null, null, null, null, null, null, null, null, null, null, null, null, null, null, null, null, null, null, "family", "support", "information", null, "information", "support", "family", null, "support", "information", "family", null, "information", "family", "support", null, "family", "support", "information", null ],
"logprob": [     30,     29,     28,     27,     26,     25,     24,     23,     22,     21,     20,     19,     18,     17,     16,     15,     14,     13,     12,     11,     10,      9,      8,      7,      6,      5,      4,      3,      2,      1, -0.0066, -5.7137, -5.7137, null, -0.2959, -1.3814, -5.3132, null, -0.0099, -5.3132, -5.3132, null, -0.4153, -1.0986, -5.0304, null, -0.0196, -4.6347, -4.6347, null ],
"loglift": [     30,     29,     28,     27,     26,     25,     24,     23,     22,     21,     20,     19,     18,     17,     16,     15,     14,     13,     12,     11,     10,      9,      8,      7,      6,      5,      4,      3,      2,      1,  0.754, -4.3707, -4.4103, null, 1.0075, -0.0383, -4.5526, null, 1.3332, -4.0098, -4.5526, null, 0.8881, -0.338, -3.6874, null,  0.741, -3.2917, -3.3313, null ],
"Freq": [      8,      4,      5, null, null, null, null, null, null, null, null, null, null, null, null, null, null, null, null, null, null, null, null, null, null, null, null, null, null, null, 5.8121, 0.019309, 0.019309, null, 3.0687, 1.0364, 0.020322, null, 3.8642, 0.019225, 0.019225, null, 2.0333, 1.0267, 0.020131, null, 2.0015, 0.019817, 0.019817, null ],
"Total": [      8,      4,      5, null, null, null, null, null, null, null, null, null, null, null, null, null, null, null, null, null, null, null, null, null, null, null, null, null, null, null, 8.8798, 4.9599, 5.1603, null, 5.1603, 4.9599, 8.8798, null, 4.9599, 5.1603, 8.8798, null, 5.1603, 8.8798, 4.9599, null, 8.8798, 4.9599, 5.1603, null ],
"Category": [ "Default", "Default", "Default", "Default", "Default", "Default", "Default", "Default", "Default", "Default", "Default", "Default", "Default", "Default", "Default", "Default", "Default", "Default", "Default", "Default", "Default", "Default", "Default", "Default", "Default", "Default", "Default", "Default", "Default", "Default", "Topic1", "Topic1", "Topic1", "Topic1", "Topic2", "Topic2", "Topic2", "Topic2", "Topic3", "Topic3", "Topic3", "Topic3", "Topic4", "Topic4", "Topic4", "Topic4", "Topic5", "Topic5", "Topic5", "Topic5" ] 
},
"token.table": {
 "Term": [ "family", "family", "family", "information", "information", "support", "support" ],
"Topic": [ 1, 4, 5, 2, 4, 2, 3 ],
"Freq": [ 0.67569, 0.11261, 0.22523, 0.58136, 0.38758, 0.20162, 0.80647 ] 
},
"R":     30,
"lambda.step":   0.01,
"plot.opts": {
 "xlab": "PC1",
"ylab": "PC2" 
},
"topic.order": [ 2, 3, 5, 4, 1 ] 
}